{"cameraMode":{"drawMode":0,"name":"Shaded","section":"Shading Mode"},"sceneLighting":true,"audioPlay":false,"sceneViewState":{"showFog":true,"showMaterialUpdate":true,"showSkybox":true,"showFlares":true,"showImageEffects":true,"showParticleSystems":true},"in2DMode":false,"pivot":{"x":0.055800437927246097,"y":-0.7531857490539551,"z":0.8147751092910767},"rotation":{"x":-0.3037162125110626,"y":0.56638503074646,"z":-0.23600628972053529,"w":-0.7288807034492493},"size":3.757507562637329,"orthographic":false}